"","order","value","sd"
"1",1,531,534.257428586632
"2",2,60,105.014284742601
"3",3,8,11.6619037896906
"4",4,1.8,1.78885438199983
"5",5,1,NA
