"","order","value","sd"
"1",1,2201.8,1989.49232217669
"2",2,937.8,770.038065437172
"3",3,658.2,36.3128382562176
"4",4,642.8,1.78885438199983
"5",5,642,NA
